Iteration, weekend objf, stand in cost, shift avail cost, day avail cost, aver_stand_in, aver_shift, aver_day. 
0,31.9531,21,26,31,8.7,7.48241,11.06
1,31.9531,21,25,30,8.7,7.48241,11.06
2,31.9531,21,26,31,8.7,7.48241,11.06
3,31.9629,22,26,31,8.7,7.48241,11.06
4,31.9629,22,26,31,8.7,7.48241,11.06
5,31.9629,22,26,31,8.7,7.48241,11.06
6,31.9629,22,27,30,8.68,7.47739,11.06
7,31.9707,22,27,31,8.68,7.46734,11.04
8,31.9707,22,27,31,8.68,7.46734,11.04
9,31.9805,23,27,31,8.68,7.46734,11.04
